mse,mae
0.456874,0.446068
